0x2a07f17eed3c333b89e91aa2c87bd1710ce697dd,11952
0xa255b3c3c800727df05a3067bace805058e666eb,92448
0x999b4a221867cdf041dc642120913bd05477ac15,78464
0xf000d9800b5628e6e6e94aa4c58e9e57c80455db,78640
0xbe6c188aa4715d453017e017e60f800c35b6f465,4528
0x725efa968f9be2687d4fae75d7b2bc67fadc06e7,420368
0xaeec1ea6a04f06151e88223ce96b5ab551170e57,2032
0x87a5c073107280e39830a08f91d7eac6b17b22c2,3120
0xffff6e8e3763199ef75586682119c0f480faad63,80144
0x9141c65f59e627ae5cf83b3a14c68541e0db5965,10704
0x9a4c5cc6347bcd75efc0fe27bca7e6dc1229597e,248208
0xb09134474eceefbff4c8eb47ff4c540fc212da33,832
0xa267754e593004930b1f3b0031b953ad2b1cc3ce,117584
0x76336ca889df2ad3724f97bbca6c472a9de0bbb6,115312
0xbeceedddbb70f051f10c95e2dece5a096a2cef41,77808
0x1b2a7936b42fd60efc79e5da35632d740e88d430,4864
0xc0ded0d84ac68c4e4e4f533362055f8a7522b35b,79200
0x888709056d8f1c21723058699971f1dde54496ef,90304
0xd82e8d1ff3bfee86355c92919b471c7e9caeb916,3072
0xaf4c40c469e59b77eea8f4d6c5a41e4a74165a24,5392
0x00097ccb106254fb5201e0b3be7ce2f58cac9ca8,77760
0x700007a2d3119b8d5219ffe88d3c72e76463abdd,79040
0x3db933dcb7dcc7d6b397058ade47844b3bc785e7,8288
0x307fe10c253442c30ae31367d4e42d7b896fea66,5136
0xbad3447d278e7583208356769a385a61509cdbdd,157200
0x09254c21040dc81cab1583beb03338caca2e526c,37376
0x8d3acdac3d20841aac2761588071b8032676797d,80
0xdbb79bc73a8e32aa29ba81849fde5c82064b42c5,96
0x79aee5aa1663d94e38483b9999631c674dbfeffa,2384
0xb0003cf4353f0631d7e5aec801fef0deb5f6ee6d,75792
0xd3c98c5cf369ea3d646529068099668dbf5cd82c,3424
0x12ae6e9e36c8bf75b8707d07856abffca40e10db,2000
0x336035a543799c3854826223ff71b8e421734c3f,192176
0x378b8ccc4335061fa3fcf82539c643443a435b44,13760
0x19705eec011ae631f7a85af519897cf5bcd06d5c,624
0x79d5dffb9ea3a4c30c1d479a519d14a8f6220746,26304
0x5610ee0933cece289a25b1e30629e2378ec4c8b1,4464
0x4eb939cc6b8e3d3171833c9d1298a3c687aeef82,2992
0x802514ddd632c17b02259e069a61d485fc221779,39888
0x1507f5aaa46cc27f5f05e1d5e12c43df66d221f3,240
0xaeaf42819beff5fe58f6e1ead660bd70b1e490e0,62176
0x55e441fa0e39f39c13625bad2ff47a723932ee95,320
0xf6debaecbff60f4f07e14f39a1b58085b355cd1d,112
0x028d3af888e08aa8380e5866b6ed068bd60e7b19,16
0x4457e17714ca871e12526e76f044ef69d20a930c,112
0xc0288687bdcf38d01547aeec3d11db41ab7222c7,2128
0x91d3e0918c5c98c8864c5d64eb14cdff2b779286,64
0x0ddceea09c2cf382e67e1eb571063a8200f74f1f,3456
0x454458ee75dc59d9de49cc4c15fa0c237c15c2b5,368
0x3e32344c2f7e2f280e1a105703b0e391d9342cd0,1104
0x149e70d021353cfa061fa492ad326f5ce1b4a5e7,2256
0xfefa91a8fa9a0efbb7744db84ba9de299af3f378,2368
0xd99d69a59f1dbbafcde1389d990f7237891fbf5d,2560
0xcb38f4babbcd5a4aed8f0e78a47f5add12d2c090,1968
0xbeee5f5baca39d34d499e752352d854d02335ce2,27984
0xd59a20bc24b7942f07443579ba38e0de4ed61b86,96
0xc9e18a5e5b9b59698b751d4317755664b245d118,144
0x32481e7942d7d51a93be2d8738de9b63e6d7556f,58736
0x245a839f086003896ab7e0488506299180b7ffe6,48
0xdd7590c037ed2cc060275651245f4dd86dd0a588,15888
0x5724d61671948c319579f5051458fa81795e65dd,64
0xa0224f7371b6f0abbff654cd5ba74edf6f4f054c,2016
0xc8ce7efcaad22e9ba9cc04100c9137a8c58e50d0,1600
0x444159ed0761f21d35276fc491181c7f143c5fcf,16
0x8c941318a0fe5ed466a3712d0e222593bb2e55c9,2432
0xd32c915cd5c0135b068563903637163621504baa,160
undefined,16
0x1caaa1b480d73a7975e245590e91c217d5824360,151728
0x213fc05f9dd75f18054462449f2005b4ed40934f,48
0xb6e3e83179f4ce0e8c5aa985072233225b6789e0,32
0xfdee711ab4af6d280017b893efe64b459e796a69,16
0x7badc96a2ae91ce7182d58f40311c6f5c215984f,36176
0x480b52dab11f285aa4609816aba018e5a4c16af9,16
0xc67ae72834e36b52a4b76db6f6a44ae175fb2464,499376
0xec003b77af4813a26714f1733e8fe7dadd85bf4c,13296
0x33f0f511182c855ba4131681b8f33faae3081198,16
0x3c199bc1de1dc0be453eb02f7d300ccd355031cd,32
0xc9574e8b465f0b61d4ce397f68d4d0f679c23f94,32
0x03a915247f7c2b0676942725fdfd243b621c4bd4,32
0x21756d8b2bd8fd230c9169f36d4037561237b231,976
0x5d594c493084efb4d0ca05219e81066d7669a1f0,8272
0x7fa068f298e190c71363d780539d0dbcc79f2eb8,29216
0xd47de0e410d1141ad5f28d6264b9b379b849f430,56224
0xb1c62e0d396d241c577c5bf3f234fbe38b87f714,1520
0x02dbc38990f6a904ebb733b620aa6488be61ef14,144
0xd7a30621e0df268538dfaea75e2307551dea69b5,144
0x527828a272bfc9924d2ec886e38c41926504d46b,1632
0xd4aadcbc790c64e85597e580e2fe0752f0eaf218,544
0x5dc9763186c6df1d9c68693ba0951d0f6c336c4e,80
0xa79f6f236353c0106e67b7a637e44207bd219813,80
0x760ce03e55799a41e9dde54d0cff8a22352b937b,96
0xa04bf746ea30ed69d67c7fdd6d70f4c732e4359d,1920
0x233c51c880b6f289ee7e8c08ba807b9b875563f5,16
0xefd5b94110de64cf490e1b73da53d85639f69259,272
0x1c2fd61edaeda21ff04bd0b470fab973ebf5f90c,215024
0x07f79baea5a712c1d14555403c384f884cf1ca57,192
0xc64d51117275d8eb8fcc0543a67f1a50d2e4b23f,1280
0xcb96b384d7b33ff1d01ff1ffe46c6e81d3756727,48
0x8d2dcb9cce18e98c61a766ca55547fd783957575,32
0x42728a54bdb87596d4b552da77f69014c485065a,48
0x074df5f44b882c7b1f653731322247713ed4480e,112
0xe514581f3eb48fc0ed99aa3bcd2b40179630af7c,400
0x11d8ee74adef2b9da01e11e85af00411f9406606,896
0xf61e847f4622e57e81352c58d43a252e13b62141,224624
0x88eddf0578c5fa934e88a2de9a1ab91429a62b3b,96
0xe59fd6f8128045d923ac7e99ecd3b35e00a566b3,256
0x5d1c93d4a3dce270de69a44da8df5f02faffc847,20256
0x8d032ed9cc063c93e2af6123cc83358c81c5329c,304
0xb09134474eceefbff4c8eb47ff4c540fc212da42,32
0x9f6c02824cb3b6b83bb7eaa97e4ebad714e3fb0f,176
0x3290c5a489249d9aeb672a8ae3df70a55042525f,1360
0xfc1ff307373b486026685e7d187c3fc5729211ed,3040
0x12df43d8de78e5b932e6f893cca1825dfe032610,18560
0x790552924040584c6933b726f5d329851f6d2942,32
0x51bdde2cd8fcd7b6e55c1d0f707c5808da0d1e9c,28704
0x4d5af8cb8fb232ebb2cd051f147fde2af00327b0,62272
0xb193d119c5613231af18f5955dc98c6a083edceb,14816
0xbdbe85d6fbfb273d39b43ba0622de626b3295825,3744
0xda85a085a25fb140da18372428e4a1ce7668a3bc,2016
0xa624d1c2ae9456360385ba834c7a25a2054679cd,144
0x9efbcbeb0b7c32aa387b64a3e0d937f85efe6c2c,14688
0xaeec1ea6a04f06151e88223ce96b5ab551170e59,352
0xbbb41021122b30ae96780ffbc40e0e75ef5f001f,11440
0xca97a591a12c62ce57439ea77dd113e7ce3e73ef,480
0x5a15c4fd63fd08c741ca592888f218abc940a455,1296
0x06d7df3ec5a2bd7727b3a4cc7bb9be117ab5f56d,194320
0xd1c33f485499ad33b140560008f7fb7989c689ae,1632
0xd848a2a341f242cab05df200ced7a4051c6a1a4a,528
0x9b59f179305461c66b680fb3c4877732df286ed9,57760
0x40d284db47729f7de4ad5d06d4347cb98a17cb72,32
0x2aaf3001c234e006f24f742e609cfed84f28c3a3,23888
0xc957d13964d340cc087d6c7a2d12851d7d55b3cf,5856
0xc40afb4e82c379ae1cc56bb3cc680d2480eddf46,48
0x929801ac8d278075eba47c7511a66a6e24602440,208
0x3ad2a7ccb663b8c0ff2ecd0395df52e4a1cc63b9,176
0xbf6f487a664ba03ee2557c24056b72591642960a,368
0xb75442c425e5dfc4effd1f529b9c0116d63ffb52,864
0xef86413993fd896566b148aa50a881b09ffd545c,128
0x68e8d372d9320b97641cfa473ed77afa23defba2,144
0xb1defd4ad7cb080c911072d0fbdc9e4d526a8e73,880
0x819024dbc6d30c2569b810e6884bc0ed553c4967,1248
0xe9f90e99114f278a716ecf4c3876c908d904ad5b,1200
0x8f0276957fa82d1b578d81cec51c5860f596744d,82544
0xd97f77ec4a05d9eaaeb133090900d7d7ac67caf2,240
0x488d6eb460ad419366c9820a6bb4760562f9f367,4144
0xdadb95e913a9b427802e17c55346e0bf46e8f310,128
0x7fa902c538ce94c9c053801a14d9305243693ccf,1312
0xb35757c55adecf520bc24cd175a6c0a555f2ce8d,13184
0xf296ae51b4cb7c6028edf2fb99d5f754167f01e3,35664
0x9e3b9d486517ba27eaa02f97fe15717b6cc59a0f,5200
0x02aa68ffee3e31e5b6ea52f54323d2f1a81b52a4,3200
0xd29a15f880101cb56d579aaeba10d88cd7b08424,784
0x6e8decbe99bccf5643d08fdf1a2f6c0f082b4bf7,880
0x7af22fd8955b0239855804bac3dbd18f64fc5d2a,23760
0x54179e60c2309e1de08ac18de3e70293c694ac34,224
0xe5693805b0208c67e1eb307761c61ad368733d55,688
0xf18a0da9ec19958132cebbf2940c4a8bdfd32acc,2096
0x2899a13b54868eeca047dce7d83eebefd3d5f919,1472
0x8cc1f1641c51bc58649ad43134b8ae6388bece93,7200
0xb0d3330251b5892510a467475eafb96211fde31a,32496
0x5b8633d426405e5e62bce7fc9b683d32a01e54a8,416
0xd017ce1d74ca4ade932d1eb8a2d7498fba75f19c,192
0xb1b298a43d85856f13a64b5ef10dceedc0372ef1,32096
0xd1f6499b5d6505ab374dd3947a0428ffebae8980,3680
0x6ae663e6f2de6b53a62366e896723bf80bf93743,2336
0x13fc4cefd441020abc8c41033b0e48d6ab8e8114,3760
0x748b8840a3ae7124404bbc778608539e765bdca4,13120
0x3b1f9f0a9e8ec8fa16150c310b24f1eca5045d0c,912
0x949d81cac1f404e55a9eeeab6d1013365187edad,11312
0x6d9ebc2dc811fde72e7fb75990b9e744660cfeec,192
0x790e3017cb84b425c3a827211399e4f67bdaf0ab,1104
0x3e0f18418a598572863ee8082f20a9982ca328cd,8752
0x3a353cdf639eb4ad0225e7b2d3473507e9aa34c0,3808
0xc9ef6679e8c6ef10b3c432cb799eb7347d58c029,208
0x033089c508d8dcd688ebcc8635bb8acc23311abd,2400
0xc4cbbb5ca40d4f048a562e2516c55c49c474410e,144
0x9ed384c6db38dc5c718d8725e6b8aa539d95f6f8,3248
0xc67f7cdd4d9ef3ce1f4c520d90ab5b41868dcb74,976
0x621e73dc961473c519dd53ed469fca2eadad11e2,64
0xc1f5dcd4cb1cee1d5dc2706a7178b13672d524dc,4928
0xf34fa87db39d15471bebe997860dcd49fc259318,71024
0x5d2784a6ac3aacaf1ac6f31a26385f7e5b2edb88,544
0x0b82fc2ed38a958d9c1725f955db3d842fdfe4e8,1504
0xbf03239ba0b97004ce293f92ab81f0f0222e3f8b,9776
0xc90b1503535a11198f064210ed840276c56d7af6,1760
0x25be320f145508aa256f6ad2ace6cd877c4891b9,1008
0xe82ef73901b7e53186c32915b106ec0ab655dbb7,1744
0x098fcdad9dd98f8f1cf8f45a7d1e3022db26056d,96
0xb9bc289d4090c755fe8ee6055da0f24c1a37d678,16
0x6b65e4237d22bc72e7969ee509fcc242c6bc5b41,10080
0xbcba8f96b8f59fb907a17cbe93cf5533d3b03fec,16
0xbf02fa7b4cbef9c5a54c17b404334124bee4d21b,64
0x7907338dae22201304f5c809b3504e209c76a3a2,80
0xb2f8e5ce5a6bd1315f094a42528a25940e317f7e,352
0x2900cf99b6952138abf1b9106ca529a26ce72448,1088
0xb6ce5c67038aa1c223f692aab6ca344447ff1748,6272
0xff39822aafb2b7763989f8ece70184c3851f44ed,704
0xf45d141775e8073f50f72ef20b4c1e6b043f6b2a,48
0x4e8805ec69e1ab58e501b5a609d3647e0545b3fa,5120
0xf3498351cd84e570496242d91155a2c464a42607,1360
0xcbae345488d4bd0aba978c4f445bafb6414493ca,144
0x4b55a6279d42c85c928ebdc3f69bb466b5dff96b,4656
0x280353ae559c811706849bb3b7dad722bd44e680,192
0x229899d0b97bc5a20228fb329fb132e801b2fe21,16
0x3b4c691ede08a61772373a0d520c9ced78ad6dc0,1232
0x576d0ea48e684d2230b3bc75fa44814e5e38217a,32
0xdbde57563fc15edb5fd74636ed9fa8b84a6b5673,1600
0xd2de70009d37a25c3d886d429e700714d59443b5,112
0x17f1d6dd34806f882dffc0f1d284dfb165f47ea4,3264
0xadf55f52e7936c87061db18676e533818ecc5edc,96
0x434bd7123ca1f3af60e65f762ceeb8d03ec5419c,112
0x9863600934ea2781899018acbc8f1f8df795ae88,160
0xf70d2d36776560441353275f8b2834ceadc7dd38,15488
0x1d299fb01321d0eefa2debcc8b1ca2b9800c7393,64
0xb5f7cb285e25d53ca405e07f4c6d00b6134ec76b,1248
0xc853bed80ad3d929181daedf3f628f654819ad62,48
0xb5f4e137effedb82d6ab99d9b9bcb9461b57657e,368
0xa64f3c13582183d1ad7428039bd44bb952fbf8b6,8576
0x9f5d5b1ad12c38b17e5c5847b16f747450b0eece,112
0x66f95c15553e3ae7fdd971c240c9c003584e1919,7024
0x5e77caba2dc628212f07f39c5b51127a3ac26bd4,544
0x46cbc843ee7a3fe2f173ac11e59cc8217df001a8,1520
0x3327b01bad7323676956f538a7c65febac132cce,592
0x39fade956274b27936e7fef531e431b93e7a7b01,64
0x3087e47ee837f6a57901f06e37b733593052728d,16
0xf025a5f030cc8f65eef82910b7083760da52b7d3,49232
0x3fdd693a7e1091aa8a7ad3c0ccfea362cb488099,32
0xfc12756c4ca78d40458425f07a775ccd53f0ccb6,32
0x2f8e60ccd6cfe55eae07f43a5b10f7cf4bea2b53,304
0xa4d4a2b712e0f3fcea664e42527e1d1964ba1bf4,80
0x7ceeb65c01fc4ec4a23cc119857c291261448d38,124416
0xdf0b57864206dd7d81e4825a720c4743442ca812,28976
0x8f347b9c024c2d1cd9f57f4f2ae0f5a72b8301f4,64
0x2d485bfcca133a68170fcc73f9144c3422dbbf42,6144
0x06f40613e57a42afe6af9f709c4a4a076537a00c,8848
0xbb2b562c91d94b7175e69700b0504750570816cd,1488
0x40cf776fbd9e3336f48c2f6cc32cec888e2e2a74,5136
0x80f11ec9ede982ad7f425379b882227872285a73,1392
0x39fade956274b27936e7fef531e431d93e7a7b01,528
0x11dfe930a782a39cd54fc44fdce15e63216230e2,64
0x626ccd55c648f99cb8abcb76c6d941b5b28fb598,126400
0x9a3888f8e454572bb69434d1c88013a28426aee2,256
0xaf9e2f8dde4f79830b4929a7d242ec123056d8c2,80
0xa603d74eea627b9aa2377fb84810aada21528fd6,192
0x85cb24ce1348fdcd05c516cf1907d6175a219ced,80
0x763bb3c96a14046f39eb6c402e42d754d80ed438,144
0xbe5b6852a5d7f8603f4eeaa1fd3cac25a7aaff8f,64
0x0d5ff4008d06ce6efa1622f959dff53ee053b799,48
0xd2a414c79fbc3ee3d8adc8c3d960ffa32ef73747,27488
0xd4fe6e7cd10e298f3ae54fb2bd4ccc74ef375120,64
0xB895198ef41A0411016809e87654a774a2a1C747,48
0x09b2FCd55aF79DDD194bc7F362e8C89490Bbbf85,80
0xb0f2fcb963e45537d7a2bc5405ddcf56b5f6119c,9488
0x4c2312ea44577f5ae7b53e4df02e02a88e207320,1136
0x1d14296d4fe63e218754d9c5d86e450cb2076d59,48
0xe310f64bf137af400b1178cb234e093972f42f89,2272
0x6f0ac9708b37036c757adce80ededb3f785acddf,32
0x1df971714c128eb4136f740eb8bae843ab237b3b,16
0x418f654e2668ffa42ae03ae6eaa593bac9a80526,16
0xf5f260e781f1e8be5aec34ad2ee257b0c487753a,32
0x6c093138b6aafcca42ed2e5f461f6cbdcea2695d,48
0x3931384a31ddc00e6bf3a6dda0af9114f0eb78ea,16
0xca1fa404e70a452b8bc3ef77af748b2dbf3237a9,16
0x4992aca98b53cc85718217cb8783f05ddff361ca,1200
0x2cc587c270f68574e226b4f386a1cc67a0d801fd,32
0x39e600e0c85cee8f5d90816cf0e30ddf8cd98caa,10640
0xa9ac458ae69ae12211d0952a0734f8f5d00104a7,2000
0x642658c78703c7c2cc0108a08c1508cf480a373c,32
0x7a848e9dab6a15097459c2020d0cccdc66191e90,13952
0x54908845adcf90bba04224a1b199c71b2702be66,704
0x7efbb13383757ca1f581dd5e20cb2e9f24448608,3472
0xa327c90352415451d3001ae55c42e9251fb041dd,2416
0xd8acbeec2d52c3a81130555cf72b004a0fd81f5f,320
0xbed044b496ccdec46027b1df77735a5f0026aa6b,32
0x0cb60d4f59bed967fc84fdfbabae46ba0aa38494,48
0x56ec66d0fd5fb7e5196acf2fb3f7584246ba84f0,23376
0xec15a06831964ea542c7d24f06a3146272c050a3,42512
0xa4c37a372ab96071b786d90071300811ff5ae379,7888
0x725efa968f9be2687d4fae75d7b2bc67fadc06e8,1200
0xd5d1ad6f918d12f370dd70ad175c27e19b43ec51,672
0x01d38a97b665a11a8573c347938bed6cf42db9be,7232
0xd0390314f8c582961620108db176c752d4f13b5b,16
0xdb1fe4c10fba83bcd49fa009382d85da336130fb,2192
0xb9505ef77420d96c6565960dc34dc65f48a8038f,1504
0x861f3cdae33a65c36a52cd3fc2ab102422001f4d,3776
0x571aba3fe4f3812e04aae11cb6f43b8b9f179c9b,48
0x0dfdfcc4199891f35112fa3b6a47244b61516c7e,256
0xf518915105624f1bf71c6a484b0f013749338685,448
0x2560150388b992db0c3f2c7693292edcb6ade87e,256
0x45fe98985ad9bd967a5dea3f2838d0e175ad1844,832
0x15b4a2975fe1f9f5dd83e3981218d93815e65655,201680
0x5009c46e20a37119e5b07e36ac2a6e76bc6e2957,544
0xba8aa45ba2077aec9ef8648c8407542a3f7cf31a,262624
0x819b461f2db79bee7885dee531ec5a6b2abcd34b,97136
0x5f80700ad15531fdae6d557778d8aab75f279947,5888
0x82399344db5ef7f180c41aeb3908e4cf46265201,16
0x958c0b03f12947a42d67a9a760222a6952f28f4c,112
0xe18fe876a79cbaaa00f240e97a8afbc9a64419d4,352336
0xe5a597851302865dccb652fd15f091b46ad70eb7,109840
0x6b289726784e321c98afb1dc52e2f7aab3633dd9,76272
0xaae34bc72e46801bb4d461aa636a9e9d55fec00e,63104
0x34e452dc00d93409bcb0f6f701c4c867411bf5e4,67360
0x752c2f42dff1c69a1275cae45b404fc182fa6331,43120
0xc0ffee5c82364680e80856243095200bf67a83db,888752
0xcd7a016cbfde76a9c705ce6c3d4a5487bfd9e10d,48
0xd64f371347e7f44d9704f5a1bd158904fa4a761c,48
0xf36aae1a8f109e049c4e9a6048d3818f4c589ee9,48064
0xe3430f7f3328a0bd7b9b12a04a416463d1b8ce5d,26112
0xaddf0060acbcf62000788176c69992e9e2ac5e96,784
0x3c9551970da18380544901299e0914955895b76e,1648
0x027087b1b2a788c925af946515430cfa3714bd26,896
0x400da6746e4709486d656554367bd9701ce8e5e1,2224
0xcadadde5896e3351696ae32dae0b842916ea8290,176
0xd3c6524990f8befbfdbf66e8b1205f0cb8e0bef2,1056
0x3d42166001d7a508f1d827f527fd6e2a39e513be,48
0x394885a6ca84ab8f10b64f64194a406a11796a31,1216
0x7817350535498fe89ed4023c023e707ea823dd6f,64
0xeed206fc07ae016f30075ad60cd137c6300456bf,1104
0x78f33f8bcc2f83dcb929804a022913a02c2b7541,1936
0x24dcefe33570e96713b649d544145cf5aab89af0,528
0x919cfcb30c5f9d23d2deca8c2fb137275e7feac0,1424
0x1998a5eb18234ae806c35d1c15fa8c17b0911fb5,1152
0x563e2446a40eccbe9b7b71f870c0ce734fcd241e,1776
0xb912179eb5b69b45b6aef6919dac45ad2b92683e,12000
0x739a8667d1ab1f5515ca7c873c2fcb828029645a,2576
0x65574a2df404f65d4403a967d57ace50b8ab84e8,10720
0x3c52e1d79eb2ca5d36ecfbd8198a795190bacaaf,10352
0xcb74ad3b78c8e069ecd6989b5ad86476e823f5a8,1280
0xf07655c33b89578dd3241e6431917ff5e6a47851,32
0x871b7763afdd8614e548d6f9692e5d91f0708d2a,976
0x6fd1d057073a9fc450addc2b1c328c17c223131a,848
0x147d62b8a87b700653d5c2cab5b31b5c2168ec44,1456
0x8b7b6c1d34ce5b8dbb0d5f0d43bfd672b7f47f0b,1072
0x55a6db659188535238b696ace5b7ebf071f1f44f,5904
0x6646ac4d9a129372ef488dc76c5a1019028aa72b,3072
0xce2934987e99b9d9bd6154ef78b4b469678ff09b,704
0xa338956345f8b7932360e74f50b237c4a8172cad,3744
0x7f46195fb526805f6fc3538edbc46e6ee35d6c97,3072
0x023f6a0a2311d3d7c94c67117d6be03100a56f08,16
0xed5ea06fa289a81b7d6c6e64c4b79b213a40fcb1,1104
0x2fce9976f7064db67bdd634eb9d813d585cb661e,2576
0x2d59be772b262f79e2dd1d5dc001c90b2d6bd8ec,1984
0x12cd46fd92aa71bcc2d6e1aaafc4cd3a9c7df68c,240
0xce4a8e20a58b7765e4a2d199c02a115d84a3eda4,736
0xfb87f9ef8935cfd3a35a3c926756f1358e414ebb,784
0xfd00ab9e9b5ecc86a9d8e96b3b4c4e4629a370d5,2272
0x09fec9a3888cbe86f47d2cb67b5c30d10cc2d726,192
0xe5c7287b26fdee7fa45caf297f8060a2686a0c36,1120
0x26018c9d3393cc2e7c9cdc3bb717e6452a3ec85e,1040
0x22fe123668cd3001af20a8b4f591bec8a8114540,640
0x8a967f3c6cc5ed2d77dad91717b97be839110d97,16
0x8130cdea28278a14b42aaa49abf0415607cdbfee,624
0xf998290a518048d5545c062225e47af7f72c8a24,240
0xe5604ef2ad8ab032a5f568cf1b74e0ca96dbe051,2256
0x8f14af5b2ee9ff1f4179db89a73d706238d98e3f,1968
0x1900468f02a60ba470a329f08fabfeb996fbee46,1072
0x49c4afb8c9765a6f5be6dfc6ddb4c7f2080e5cb4,7664
0x2acf95933b6dac822b92fdc857a8c70d893bf04b,8208
0xe6ecdc6653193d4f2bb4b689526c9f6b3d7574d4,1440
0x219b85fd8ada5817adaa13c33d336f19fbdd5ba1,864
0xe21b81a18fd5dc00f2be925be56017fe008dde88,1296
0x30a4595e3ae935203cc74ebb96778bf3a9bebe2b,1104
0x9acc3e24fbedce9498b06ad1e5c1dacde368162e,1232
0xff0d3c11b25e0fd7200fd209c80eb8c3a88f6192,656
0x0aed28d30c2831857757e8b72e632bdc2694573d,135312
0x3544875cc3ca043e6943cb74119dee7df5e42501,4640
0x6e9d7d58ff64af30b0641a342bce54ed5a039d10,7904
0x80a62b2cc3c0a3fb7449a68fe0effdb18c2fc2bd,16
0x6f1926c9bbc6bb64aa9f9596b731738396cb33f6,4080
0xc398fafe4b4891e77721bbd5c09b996986d3c148,208
0x6077f9854086ff2d18584e556f682cded6847e1c,48
0x8ee9bd7b03ca49ee89cba58a81a0080814eb5998,2144
0x728bd9d15d89d83f81fd546c032c9956a129f62b,6144
0xadfc0c6a6b12d0a8825f2e01b0d3e9cf37f08b47,160
0x3a765b413bf9ec193ef782a40c0c2baca2058aa3,2944
0x0c3585e992d1ea4f0680fb7fd4444fddda8560cc,7760
0xcd8f290ef6bac591cf194ae99ca02bba17652465,14896
0x054d55400fbc8bf1bf11492f5864ad47726d4178,27072
0x5870240e01501658ff60eed724ac06cbc65f1bed,160
0x18b28fa7ebe88b7ec962e31a6b95684e0d6405e6,6112
0xd6765491fa9e7abc8c98eda3eb8aac5884bd4709,12160
0x3866cf4eb724d3a6949ac593589783eada3d6e29,1904
0xf3e9b911bd6ea64aa45790d005e6d41dfa05b750,1408
0xff17a9299136b454a784fa7072bfa4a46c018f40,16
0x12519413c50aed8b0d2a9216c6c676fec7fc6996,240
0xbec0b57e997eac367b6ead99cc9f6b4fc3dccece,16
0xf97f9e2895c9cf943dd5425e7761185002643c25,352
0x0aed28d30c2831857757e8b72e632bdc2694573f,16
0xafa3a59dc974151d84c43d09f150f5e41f6195d3,208
0xbb30fe9268e1ebf097189ec8574c85b70a06e6ff,240
0x123d2f299190cc21b18fc7d4cc400ac63b2698a0,688
0xe209688d61246206ebe6d380dbb9a6fb8e3a87d6,224
0x6618b8ea492039a3f4193fb652bcb9eb2513414c,304
0x7c3ee0923cc5184cebb2eaa336394a15d82a81f4,32
0x834de73be3bb5ed859bd2007f304c5a1ba088011,2560
0x3f00bc8813434af0281918801741b4bda76f6221,144
0x2a033e7a4e65797ba08a1f9d06c55917e99cb12e,7728
0xd191ab49236771db09772248d514a9e03b0c5543,112
0xa54788cfeed3b3526928812483d6a1b13add87e7,64
0xd7b86667b2a91a91a5415c24188e83f19aae9686,160
0x000ded564d4764bf6a7c5230456d9bdb2c11da80,32
0x1f87197f1b0f23057f391bd8434cc92842a3d9cf,48
0xf7990bcc65161c489ec2967ea13d1adffdfdc5ea,16
0x08562ec1e11e804a7f7a5b9d091a65d61aab40e8,18176
0x5ea9759b5ebe237cea65fab893a4c4fb5bf3f93a,2192
0x08cecd45ff02d6e6372163ff663af161c05a2f6b,48
0xce31957522884f1cfec86c0017d00d1e687d5be2,34736
0x85e3aa8cbc4541a96a793bc48c93f87b5a3b9218,7872
0x4141664807e689b830e06e3f39d11c04892ae751,16
0x8b823f366fa6df989338698e3424c25c9d22056a,2896
0x30c84eb32fc16b3fbe937caa6dc57f6410639f7e,2704
0xbfe052df9c5a883c64f17e24efba22926cd1f256,448
0x6935337287eae7c5d5faf062c39f96e80622210a,16
0x5957b380caaf7bbc8b249be97bf44b6a23f35b89,45312
0x387459c0e112ba53b37dff54c6520026be772131,582128
0xb2dcbd8e798929d8dba40ca9e73129d0bfbd0291,61328
0xce9d6ba755c96a567c16e7820812da83a3db56e4,45264
0xd7b41b6bba1f9db114fade9b1617d190f7155f96,32
0x3ba08cac11457dfd717402e35afda5015a160ca5,528
0x5e86204671b1d0458e783b09e5a4f86a6c924c6b,326688
0xbc340b8d2b37a01e0788237590f330e8ef936db9,4064
0x430c2b4c6d63c7d1c6758d09feecccee327cf55a,67712
0x00e9830d07c2ad73b3819be307aa3014bdb0e8b2,61920
0x03250e2e10c1f152a454b546ae16f8c889c2bf0e,68112
0xac666cfc76f819d196ae005ee8c6f2ecf96ab497,194496
0xf814fc35cc7e6f7a163a80dfdc74b7c2bac041f2,67792
0x282e913e46b17b4fcd86393191408938ebeab0c9,76224
0x81a3db64203aecba270b9b82990f109e3ccb4f97,45968
0xabdb34e2f0791f4e418ec636f95e5205d2295249,66928
0x0849e16f58f4c4e4a7bbed21166d1bc23639c49c,66816
0xcca52a8860bffd80db0dcb229749d4ed9d0afa81,68288
0x4cf5d96adc9a00d1d9aa316079392c25fcb8be67,77056
0x78d0418b0caa68cbdcb5aa354e30d2213e64a758,76976
0xe224febc6bf2f1dd6ec2b4ce0774c8676d4d93bf,295552
0x34d23199f7d497e3a168c3b25fb83ecaf2495c83,60992
0xc2915b6187d86999f4d2d8f6df4a2a4e05fa6a1e,67952
0xca4801e029c61e07efc3cb92c946b30a48d5b081,69040
0x453aed27c639ffe1572f9a727125022ff351a533,22000
0x9508d4f11222c819398225d2621c3b9b0a859ed1,168256
0x9b4ff78e8723481884c43788fee428ba577a96ab,32
0x0acca288894d32d3548e97b676b30e28385eeb35,195456
0x1c5b01379b6da020b94636f3b021903ef378ed46,576
0xa56d9be1dd3fc4f90dcd65d7a73cd946f873aa31,16
0x825efa968f9be2687d4fae75d7b2bc67fadc06e7,432
0xc3414af663a6003fa8681c75a45a273aec09ec59,19424
0x8f24e0d670095e9373b6ec361c554c2595d4e0ec,272
0x33609b929d39a49f017ad29ec58e96dbd4c2cbb3,272
0x6be985e15a1652621f715b4fbffad05f4b4638b8,22272
0x6e3436b8bd7e7bf6ecce49dd7b8dd94fd4d66fd2,4768
0x15981436d01da3e3064818dda0436037cff4feb9,112
0x701df6f4787fa9b9cb881b42dc47448add511256,32
0x925efa968f9be2687d4fae75d7b2bc67fadc06e7,512
0x426b02a53d43d361027edc7630c1ced9a3ecb53a,154960
0xd3515fa62d2def74084b7c4788b5a95ca51ba3e3,100048
0xb789778ecdeb42483619fa2c6f854578b23de505,151856
0x56def0d4046d21947d083b1c459e356ede67814b,18320
0x3a619c8c09f44acd9c28c5661d29a293f5a39d73,32
0x83c55478a8df80024bf68a9665697d631355d6d0,173584
0xb00bbad9806c24cb677619239b28d1615d384c61,93952
0x7b353d4b225ffde296163472ac639d86b77b55fc,1280
0x9c3aefb1d8427241d3d5ccfe2550bc95bee78896,16
0x8433d5ee5b3340f0d1891565229433d740b8ede0,640
0xabcdef5c82364680e80856243095200bf67a83db,128
0x40e803b359d75526e198bcc304aeb3f498c18439,6928
0x6b86ca90838e79d8024aeae256a48615ec20b281,6384
0x0b9e2335fa62ed89f76ae71a3e7bfa97363b8a93,32
0xfb4f44e7b4ed4edc5530bf4b6c6c6ed3294e2491,32
0xa78e8a4e2c5063d9177197d67ea1c3949a55d74b,183008
0x77777ad68f9be2687a4f1e75d7f2bc67fadc06e7,16
0x60b11c8dfcf231cf452d636977dbe29cde9b2751,48
0x305389657e0fff55d93efc9eaaa7498e72fbbcbc,7184
0x505cb426ec32541fa5523eb3e7a123c92c10a853,22880
0x4f6c4b4a0560da8571a8b1ecedabbcaeeac7b454,544
0x90304a7177b7942fa0fbcea268a73d87d1a34b68,480
0x572cb05b4714c90da258632af456959d3d95f44f,32
0x72058feeb9432740e6c5887260fc7ef3cb18449c,624
0x7557d4a603cf0f93994520d273829ee5acd21a06,1040
0xbf3e1eb1bcf6da244fc76dee33ce47569534bf54,32
0x0e6cacab42ea92388c665206087084d4dea94d99,48
0x80804537a60381d5cdbf52b06e142467bfebb3a7,816
0x5556e0f3f5f25effc1f8d2c558d80c2f8efe85f2,19312
0xbbc3aec483f209d204e284dc6fa152285e3e8ec2,157792
0xd6bb693d5ea398356bce49297015bba57c5b06c7,163392
0xd9ea99937c9f9d7e3b8cf18d13af19767f0f82b3,672
0xfd00432c13a7092d89202d23467c30773036e947,32
0xc76dadb87cb189cf03432d4d9d0837490813fe6c,14160
0x54dd12dcf3b5720e35eb9ab007f2af0779effae1,3168
0x0d93050891ccfd9ee7c4b2ed345d960c7e9e12c8,4928
0x5cded832a6b4889b05bbc7f6c979b75710160ffe,16928
0xa292daf53f3f6a926990f09472021858bec8bb96,688
0x65cba6fa8e3cb0dad5c7eef3b368dc3105a9f7cd,3392
0xddb61e19bc6ba80a64d3d4b2f65ad9a5b8cb37f0,45136
0x6c6abc545396bcbe05e69578ac617c60e2f37ec0,101040
0xfd2a67dc1b30728f995af7ade73a6a1b84cfdef2,178768
0x2791429e7db836508afba100a05643ee2a99c1e8,32
0x045e31f9fac553fa22afaddf86d3c52b93d131ab,544
0x2aea0ca76ab3aecea908313ef1ce5eb2fb262502,2656
0xee9a4adddea60c42d914a1cd2355797d01f744f1,64
0xc1b3f5b5f9f940b2c697753eba8bce7561285b04,1584
0x91675a26907acde7879acf4b17e4bea7c8b649e1,16
0x06946b8a6235ff438949de25577db320fb3a83be,32
0xc887febecafc27b1dd5e16d462f504ef945d200e,1424
0xa1af429165711db9871f513c2649cc209ba08a41,116432
0xaf82af9c1eece3cb8f7acfc4721acb148ed4601d,64288
0x1f8e87de880c10c030a67086f0f38c5cb08a015c,80
0xde070194c977a00021cc1a2f33d2d26600103fdc,736
0x1cb5ae951cecada2f29f8b21bc821d99dfcbbaa4,69984
0xc197024e28a12465cc244029df0d5015d42b76ff,96
0x7fd0d256c1540002ed18830a6131617706451c63,5552
0xf1f31fa14af8ef8c12c90af68cabf48e247de16e,80
0x1dfebad76f0c13be81d38be9e4cec835057638d9,7136
0xc11c5cec1eec1e6b1fd11e3dfc1594cbbe3a5edb,128
0x21aab375e03b4db2775debbbde08eb0d53cdbcd5,144
0x507ee1d27ca54ee9569300b8241c025ff679a23c,640
0x7f395da33e5e779df02c5d51578adef7bbc07ad6,96
0x4b247e55b59fc95aa65e444998d9533b48e161fc,37696
0x5e98bc0cbaade48f69006a58df915b931c4406e4,80
0x2a1dde5687c12c87952b4c1cdc93449567c3f1b2,64
0x8d53780f92b93301c2d281bfc01fa1ccd65069ba,21552
0x07f328d88e5a6e21410254bac05c4a74753f97d2,640
0x2950d6a681f75903a92b57bc1929bbab6edf2b7b,112
0x569982f3289d751f4f15b798cf76d5d093cbc3d6,16
0x57b1d245468f3f1cf300fb2a85e5d30f836a28d7,32
0xcce870823d8524fb2695b808d50add35b173cd5d,496
0x585f3809f26528492a3434055b3c42f9848fade7,528
0xbd2029f055340001b22ec74de26a8094ad295db3,48
0x6e1744816516cde0c638df00470e3fd34c22a2cb,1936
0x91ce65bc22cb06d47a14ba6e80e899bf5f25b8b6,496
0x2f0ed87160ac5963391eef8ba4fab9913a137b56,96
0xb38c74170b5d7706b7626728037f7697efbdabc5,80
0x7ee04e6e36f0754885d5f3c790814cd94dccf86d,16
0x942b098637d2b1e1c37ff96ad54042927d5c1a85,336
0xa1eda22838ca9ede00a5af8cdb34f6e822ec0c63,5808
0x4e090b0283dc7fa4b9d4cea65d3a99f3c2914796,2400
0x251f63b567670fa34624a6baf6d6345dce05753c,80
0x2aa58fc4815532bdb48cf1af3bf221c9f80a3a31,45760
0x3e07e468553ec9669f306278cce800184b1ef42f,29968
0x09c27c40137d150ca7892e0a6c5732db037cef03,55504
0x452ed0f7e2f4a995e7525eb16fe45f972c3b4e96,18640
0x717d91c9af200e1a50d904e4e7d10dd134f108aa,41552
0xdf60c6966d87035cce02fd47a6197b3ed951cf83,1344
0xacb27d1167692257f4c530e4844aaa50d7bbdf2e,42592
0xf62ae7e6daaae2ad153f1bbf459757d7fe0792dc,25024
0x691eeea43f414dec7fa38341058f64ec24612dfb,30112
0x94df581eaeb219daed59be4b07fca410b18bbcd9,25120
0x1c7a9ebfaa1c976c7e9aefca9252ed2888eb47f6,31392
0x6a37b22b7fbbe8cc1f34c86e729905472e342e01,32096
0x57d3c95fc67699c070a6c8b22b8803d64406ade6,1456
0x2f61cccc3079d65a87334dd702290c9e302e7a91,36976
0x3313e2ac7b963f2f08e38627b961cfc97778ad7a,14816
0xf3bbec7b3e57985713362c8b16acc656ae2fc646,44528
0x7da96443c3f5e60011ad7e8b0b6db0ec84b196d6,20000
0x2d8e5a245d3625cc7a675cd9de364c02d5453670,28896
0xaeae7003cf1e034a996a63c16e5165b49a841e7a,18896
0x0a34e4357cd6314104453bf8a19b7bbedfae20a6,33936
0x8a41b8c5014689ce7c019ecfc2356c8d9d5d2b72,28656
0xa30463286fa5491c771ef46f9a252ad4366dbe79,32928
0x3c85b8ac1edefc4bb66fa54af4df86084d86535d,13088
0x24795fac2525eafcd89c42d482a0b110eb48f5fc,18560
0xfeab292246be175bd4bd97f490e4f361c82ded77,816
0x252e42987f0d114ccf16fc4ff3650fabb3637494,2848
0x116603050aca219f0ee124cffc43eb1f5f5955cf,1184
0xbe23422d1511bd6d557e6243f6b4f738d859079f,4544
0x2efb4e414bc85b81682692d24e155a0f7e9dd882,320
0x200024ce3db382c7d2202f314f44d30c44133e3d,142224
0xe6ba91cecf194dc88a725cb94035557f90a9a357,1104
0xc5b9dc723d66d6f44ecefb3d9acaf5c6bc07e920,208
0xe08c2b680d1355981659bc529e8da7ee6d102ef3,14208
0x5cadd3af3257fcaca5ded79c4dfdd207545b1857,1840
0xf1af466a0363d643e32ac1bb181ec6e7a3ae8846,9952
0x3a1378ca39b2d9e8c143fd6b3043a2b63191572d,19536
0xb5c4d08a90e6a4b3fc0796f8519ecb0035e928c0,192
0x0048ab45f67dd978a5092a0184cf87d3ea3998c5,672
0x735d1b53b6adb753163c2d4868555a22b05dc5fe,10944
0x78c12cf281dbefd8742ebf7afbfcb68db959de76,2448
0x5f3b20ec93440d0ad56cde0467e043878a803bff,864
0xb0bd1d0e1b8e4aba03cde1da0ff02737e44deabc,736
0x333008471eeb4b7319de82dc120bc10d3817d630,4704
0x7775855328c08feb359986480048835befc2a53c,28048
0x4818d2a31224d0953105347e69646fb7302e9938,16
0xecc104e9258308eeea46e243251b63432b069b88,22224
0x13196e503ce28fd5b2ff5c166ff091b78ee97767,32
0xccdc2a299186298ba523543f9d4c55c01b0b46b9,7360
0x0611f49d13d9bef31aabc9babe3b81ca288cf550,27920
0x02fab73f713d18329908fa00443aac1349366c91,19712
0x713a418552d13547df8361c8a79ef7cd8b57b7cd,5312
0x32918e0489e9d4317f696ca1291cf904a47718ad,35392
0x5ab660b029c6638b209e4c3170409ef88e32c6c2,4944
0xc5674c41a3bdc4218180ae5cad3e2bb3a815c0ea,47344
0x560cb8223f4b54370d0f8386d447ad91dfb8ede3,17856
0xee7b6be081ee81a422882f2df1697a8f6001daf7,5504
0x76c9645291b3483e63786d9512b9629219a36255,28432
0xfce068837289f722b8e54f868f272a0fc2807ce0,24848
0xb68642cf310f29da0a75d8a9b56d8085c4fb8f29,5168
0x98bbbfcf7f5340f1393919761b93faf9aad55aa1,32416
0x171b524653f3280ccf4919f6808fc962e0fda3e8,24880
0x387a2b67c5544d699fb775c4faee64371814d66e,44992
0x2ded0c0f5a84689a6310ee3d64222731a05d320b,24272
0x838db88c6c457780eccc5cf2260f082a01de9a0c,48960
0x621e8d5fe873906b8376a9bc9bb7e73201a33b3c,37120
0x2ab915a47bf2a196be04f38b68a76f5e1aad4a2e,27456
0xda645c4cc30fccdb7b6fbeec81b4799d4629fa51,5520
0x783e5478d4ce1ba920f2c51452674fb2a83f4012,28896
0xccf6a3ed177133a3b3c2bb25b0016db382435a58,4864
0xe1284ea537ad6366166135ad64059370c1d7497b,25136
0x5fc857ab1e4b9c72ad1d5ad07ad6c0741fbd5d90,38432
0xee495dc36df111fdcdc2398c4996f1754b1593f2,17792
0x05c1b135a2a25064cfbe006f2b2c0c278dc1fe53,4880
0x479586c91eb7cc41b32b323769ab66558eea548b,19968
0x8335894a09ac76182e4e5a6db2aa4814191be0e8,5424
0xf97695c5bc3fb83cc5e39f434daa62fbb5835371,5488
0x452779383c63c4b03bcc1a1fa8de1bb76152daaf,15488
0x6b4efe0075dea733bd04c8e796bd2a6893771714,15744
0x17b54d2cb84b320bd87ae4d1ad354f29ec5a3329,4848
0x11ff36a3870521d8688eb42f9b0a0af95135bb0e,18176
0xb49e9e4a7e28a5f832f49a635ab13bcd370db2d5,34848
0x8399d3e0b8e54b26382f7481c3b6f152b90106ab,28624
0xa1667bff2e4bea32728b46829448b0465b92121b,15248
0xeef4217846ba587fcc4c6c9fae6aa1f33bac0e2d,14736
0xbb9fa905f828a379ee6e2fe67153551617d0df1c,25216
0x8f7b2e2c85abf4436a79a9f07df93169afa153fc,5808
0x3acfd01c85315cdd1dc5c1b392a279ce4cbae634,14720
0xe93b3968fc22bf37668b3b75f6602c1c3e46cdc8,5216
0xa04ccd068f8a6bdc05fa8fd00d0213f79ec1433d,18064
0xe3b8a3dcd76667b4fa511eafea3afca483fcd60c,24768
0x863951d5120227ccab3d28c4a56bdffb05a3c904,15520
0x2cb48174f805cfff0dd48197b1dc2a64e18aa176,15216
0xa07f49bd85839dca290065dd192048a67b3e7ace,5216
0x60cae0927b1388dd5412151b71a1cedf26fa8b6d,5056
0xd4bfef3aaa81e147433a560f9dc88c3ad84f19cd,17600
0xf6f6e16417843e49b4cb7e323ea26caeac0934ec,4816
0x104dd80367e7ac454cc9c7ad7eac4be4beec6c06,5584
0x9509408577fd5c631f2f7e9807e0c45ebe5122dc,14000
0x4d0f6ab205274b2361b9f0319f77e5ece2782dda,5072
0x68d642a077b4151c4f722db804184f1772b9b703,17232
0xab498759b9d1cba6b7aa47fef0d3d68e64624161,5152
0x5a51a344ad8e69fbc9ab87ba4eca551f504b5432,5200
0xdf881b14d161d0b5801383600af9498023611020,26544
0x5c359236f7704163a92822f1dfc1a33e8c0b801b,5376
0x1cd04f61d490052bf12973a2021bd8a76cec2ed7,784
0x2f5a570693d1ef70e5931f32f82484a590995a26,6128
0x60d77356f934f2e56f29b961665ff43e997c9067,6080
0x0755ec5cda1e375cf35e620ea409486b3cff509f,7536
0x615fa088221a97f079979188a813a3d40916272b,34448
0x09dc893cfd268558eac59608e63163db39b250ce,8576
0x9e194f7e04e52288b4df167e201b52ad12ef4b61,1520
0x9a92524c277df522800f6512d4fa89d2090a48a9,16
0x2561beadb21176c36d9beac0b433917ae5c81b8a,32
0x6785dbcf45b5dab8fac836bdacf50bf8850feeb2,78080
0x320754873b1a68a12677a7f941aa52e11414af48,12944
0x4d340a3e4d551edeea33f7a1f45bc32839a18e4d,12448
0xf3d97a8c8c037cc9f93aa9a954a44b789e8d7dcd,137600
0x1eaa24e480917484b0350c7f5a4cdde9c38ce78f,12368
0xc0c4137a783f89855a8d5b12d9d0d11a2322496b,23920
0x495203117577f5a3c4d654b8bfddb45e69bbb6cc,12032
0x0176a2ee15107643236dcf0b460df63a19e11984,12576
0x45d7bc047625c8cd87f6baa2e7d287161cddfdf1,12624
0x9f5193714ad29c15f30aac24c90670f40f7deb2c,11904
0x4a3a0ada20e281c052a2cdeedbe5d30f6144c7dd,12720
0xa0e09d4f00bb4f92111d85f5ef1bd3952e727495,12240
0xf3dd67d5ca0c878fd17b37ee62debee45116af94,11920
0xcbf20f58314aadd5ff23392320bf2cb5d0c097c8,12992
0x333478b8cabdebf5f40c262ba6dcac4d971e58e5,12688
0xc65168e7201e7b9156ae5c35553684fd80c75917,12160
0x301d50e79969811bc5ac3af40f3787b71c421325,12112
0x78433a9c294324c60d5ebc96d00a61c7a39249da,12160
0x108f176de8a6e9e83d6827be71efec282b530210,12176
0x735400f9e14b3e153c7d00ebfc899aa79c9ce2c3,12544
0x27a6e872fe39f91a63292a456cb6cf30ae4c08ab,12048
0xa7fb1f6109966fa1750b9d3f7944ca3c1a2e87fd,11472
0xf7744b2102bfcce064549b0cff01ed4daee2d912,11984
0x4437f12ccb2bff2d4081105613918a9a67646f82,12576
0xc6f1fce45031ff17f30613df69cb3037cabadd46,11504
0x1ce45a02231f775843a71fb995bccba527e2840b,11248
0x480658a061316a2c18ad17e4cd071a49b92dbfae,11648
0x989e9fe89d2ca512d9637318b21a726f81ab3d1f,11664
0x24201820029f9a228eeb7be2bb606d161b7f5684,11584
0x2d0c7cf84140a5df0254c2a1b1ff67c33ba3d086,12464
0x7fba0d319242c50a5d53ce8297a51f9248ce26cd,560
0xee9e75d1e84f623ab9fea4d1c5b1db85925e737a,87888
0xfabfffb55ca13d5025dde418ded1b20e3aaffaf8,432
0x7267fe9fe9d62b9f1b9a2a17efc95d92c3f14411,56112
0x88c1806fbc639460f2e09ea9be453006b1d82c37,32
0x4ce54573a6e1104c8cb3d9baa7e21f12492bf511,64
0x494299a8d36ff13697465b795306982cd6960c75,1152
0xf4cf874f614758b0ae7d501d006cde0f95380dd9,10144
0x8b5c2db83ac3537702a048764b09dbf74b0351c0,16